full_name,email,phone,password_hash,role,status
Erik Alamsyah,erik.alamsyah1@gmail.com,8110000001,hashed_pw_0001,seller,active
Lisa Mulyono,lisa.mulyono2@gmail.com,8110000002,hashed_pw_0002,seller,active
Elok Purnama,elok.purnama3@gmail.com,8110000003,hashed_pw_0003,seller,active
Yoga Anggraini,yoga.anggraini4@gmail.com,8110000004,hashed_pw_0004,seller,active
Kevin Nugraha,kevin.nugraha5@gmail.com,8110000005,hashed_pw_0005,seller,active
Angga Siregar,angga.siregar6@gmail.com,8110000006,hashed_pw_0006,seller,active
Agung Sukmawati,agung.sukmawati7@gmail.com,8110000007,hashed_pw_0007,seller,active
Nina Prasetyawati,nina.prasetyawati8@gmail.com,8110000008,hashed_pw_0008,seller,active
Ahmad Kadir,ahmad.kadir9@gmail.com,8110000009,hashed_pw_0009,seller,active
Rudi Prasetyawati,rudi.prasetyawati10@gmail.com,8110000010,hashed_pw_0010,seller,active
Rizky Hadiningrat,rizky.hadiningrat11@gmail.com,8110000011,hashed_pw_0011,seller,active
Doni Sari,doni.sari12@gmail.com,8110000012,hashed_pw_0012,seller,active
Mira Aryani,mira.aryani13@gmail.com,8110000013,hashed_pw_0013,seller,active
Yulianto Hartono,yulianto.hartono14@gmail.com,8110000014,hashed_pw_0014,seller,suspended
Taufik Fadilah,taufik.fadilah15@gmail.com,8110000015,hashed_pw_0015,seller,active
Sugiarto Lubis,sugiarto.lubis16@gmail.com,8110000016,hashed_pw_0016,seller,active
Arif Mustofa,arif.mustofa17@gmail.com,8110000017,hashed_pw_0017,seller,active
Dewi Nugraha,dewi.nugraha18@gmail.com,8110000018,hashed_pw_0018,seller,active
Teguh Prasetyawati,teguh.prasetyawati19@gmail.com,8110000019,hashed_pw_0019,seller,active
Suprapto Kartika,suprapto.kartika20@gmail.com,8110000020,hashed_pw_0020,seller,active
Karina Pradana,karina.pradana21@gmail.com,8110000021,hashed_pw_0021,seller,active
Citra Komarudin,citra.komarudin22@gmail.com,8110000022,hashed_pw_0022,seller,active
Lisa Kartika,lisa.kartika23@gmail.com,8110000023,hashed_pw_0023,seller,active
Nadia Saputra,nadia.saputra24@gmail.com,8110000024,hashed_pw_0024,seller,active
Rendra Cahyani,rendra.cahyani25@gmail.com,8110000025,hashed_pw_0025,seller,active
Anita Rahmawati,anita.rahmawati26@gmail.com,8110000026,hashed_pw_0026,seller,active
Bella Maryati,bella.maryati27@gmail.com,8110000027,hashed_pw_0027,seller,active
Gita Rahmawati,gita.rahmawati28@gmail.com,8110000028,hashed_pw_0028,seller,active
Setiawan Subekti,setiawan.subekti29@gmail.com,8110000029,hashed_pw_0029,seller,active
Lesmana Irawan,lesmana.irawan30@gmail.com,8110000030,hashed_pw_0030,seller,active
Livia Siregar,livia.siregar31@gmail.com,8110000031,hashed_pw_0031,seller,active
Laras Suryadi,laras.suryadi32@gmail.com,8110000032,hashed_pw_0032,seller,active
Utami Sasmita,utami.sasmita33@gmail.com,8110000033,hashed_pw_0033,seller,active
Gatot Yulianti,gatot.yulianti34@gmail.com,8110000034,hashed_pw_0034,seller,active
Arman Harahap,arman.harahap35@gmail.com,8110000035,hashed_pw_0035,seller,active
Hendra Sumantri,hendra.sumantri36@gmail.com,8110000036,hashed_pw_0036,seller,active
Tika Sinaga,tika.sinaga37@gmail.com,8110000037,hashed_pw_0037,seller,active
Nasution Hermawan,nasution.hermawan38@gmail.com,8110000038,hashed_pw_0038,seller,active
Cahya Aditama,cahya.aditama39@gmail.com,8110000039,hashed_pw_0039,seller,active
Erni Nugraha,erni.nugraha40@gmail.com,8110000040,hashed_pw_0040,seller,active
Rudi Harahap,rudi.harahap41@gmail.com,8110000041,hashed_pw_0041,seller,active
Hendra Tambunan,hendra.tambunan42@gmail.com,8110000042,hashed_pw_0042,seller,active
Mira Winarno,mira.winarno43@gmail.com,8110000043,hashed_pw_0043,seller,active
Suhendra Handayani,suhendra.handayani44@gmail.com,8110000044,hashed_pw_0044,seller,active
Nurul Yuliana,nurul.yuliana45@gmail.com,8110000045,hashed_pw_0045,seller,active
Hafiz Sihombing,hafiz.sihombing46@gmail.com,8110000046,hashed_pw_0046,seller,active
Zahra Hermawan,zahra.hermawan47@gmail.com,8110000047,hashed_pw_0047,seller,active
Ratih Rianti,ratih.rianti48@gmail.com,8110000048,hashed_pw_0048,seller,active
Erik Sasmita,erik.sasmita49@gmail.com,8110000049,hashed_pw_0049,seller,active
Putri Nurdiyanti,putri.nurdiyanti50@gmail.com,8110000050,hashed_pw_0050,seller,active
Gita Fadilah,gita.fadilah51@gmail.com,8110000051,hashed_pw_0051,seller,active
Ramadhan Damayanti,ramadhan.damayanti52@gmail.com,8110000052,hashed_pw_0052,seller,suspended
Wulandari Haryanto,wulandari.haryanto53@gmail.com,8110000053,hashed_pw_0053,seller,active
Permana Ramadhani,permana.ramadhani54@gmail.com,8110000054,hashed_pw_0054,seller,active
Winata Sumantri,winata.sumantri55@gmail.com,8110000055,hashed_pw_0055,seller,inactive
Zahra Mahmud,zahra.mahmud56@gmail.com,8110000056,hashed_pw_0056,seller,active
Utami Sihombing,utami.sihombing57@gmail.com,8110000057,hashed_pw_0057,seller,active
Utama Syafitri,utama.syafitri58@gmail.com,8110000058,hashed_pw_0058,seller,active
Kurnia Dahlan,kurnia.dahlan59@gmail.com,8110000059,hashed_pw_0059,seller,active
Nina Santoso,nina.santoso60@gmail.com,8110000060,hashed_pw_0060,seller,active
Kirana Abidin,kirana.abidin61@gmail.com,8110000061,hashed_pw_0061,seller,active
Bayu Mustofa,bayu.mustofa62@gmail.com,8110000062,hashed_pw_0062,seller,active
Anita Rosyidah,anita.rosyidah63@gmail.com,8110000063,hashed_pw_0063,seller,active
Lina Prasetyawati,lina.prasetyawati64@gmail.com,8110000064,hashed_pw_0064,seller,active
Kartika Permadi,kartika.permadi65@gmail.com,8110000065,hashed_pw_0065,seller,active
Hesti Wahyuni,hesti.wahyuni66@gmail.com,8110000066,hashed_pw_0066,seller,active
Permana Sugiarto,permana.sugiarto67@gmail.com,8110000067,hashed_pw_0067,seller,active
Doni Suryani,doni.suryani68@gmail.com,8110000068,hashed_pw_0068,seller,active
Wati Utami,wati.utami69@gmail.com,8110000069,hashed_pw_0069,seller,active
Ayu Hadi,ayu.hadi70@gmail.com,8110000070,hashed_pw_0070,seller,active
Rizky Handayani,rizky.handayani71@gmail.com,8110000071,hashed_pw_0071,seller,active
Irfan Nugraha,irfan.nugraha72@gmail.com,8110000072,hashed_pw_0072,seller,active
Yoga Kusuma,yoga.kusuma73@gmail.com,8110000073,hashed_pw_0073,seller,active
Livia Djaja,livia.djaja74@gmail.com,8110000074,hashed_pw_0074,seller,active
Bagus Hadi,bagus.hadi75@gmail.com,8110000075,hashed_pw_0075,seller,active
Zahra Agustina,zahra.agustina76@gmail.com,8110000076,hashed_pw_0076,seller,inactive
Lina Kartini,lina.kartini77@gmail.com,8110000077,hashed_pw_0077,seller,active
Prawira Maryati,prawira.maryati78@gmail.com,8110000078,hashed_pw_0078,seller,active
Bayu Kartini,bayu.kartini79@gmail.com,8110000079,hashed_pw_0079,seller,active
Tini Pertiwi,tini.pertiwi80@gmail.com,8110000080,hashed_pw_0080,seller,inactive
Kusuma Prayitno,kusuma.prayitno81@gmail.com,8110000081,hashed_pw_0081,seller,active
Dwi Wicaksono,dwi.wicaksono82@gmail.com,8110000082,hashed_pw_0082,seller,active
Nur Melati,nur.melati83@gmail.com,8110000083,hashed_pw_0083,seller,inactive
Jati Permadi,jati.permadi84@gmail.com,8110000084,hashed_pw_0084,seller,active
Rama Cahyani,rama.cahyani85@gmail.com,8110000085,hashed_pw_0085,seller,active
Pratama Winarno,pratama.winarno86@gmail.com,8110000086,hashed_pw_0086,seller,active
Winata Kadir,winata.kadir87@gmail.com,8110000087,hashed_pw_0087,seller,active
Suryana Fadilah,suryana.fadilah88@gmail.com,8110000088,hashed_pw_0088,seller,active
Budi Damayanti,budi.damayanti89@gmail.com,8110000089,hashed_pw_0089,seller,active
Lina Suganda,lina.suganda90@gmail.com,8110000090,hashed_pw_0090,seller,active
Gita Nurjannah,gita.nurjannah91@gmail.com,8110000091,hashed_pw_0091,seller,active
Ari Fadilah,ari.fadilah92@gmail.com,8110000092,hashed_pw_0092,seller,active
Laras Suhendra,laras.suhendra93@gmail.com,8110000093,hashed_pw_0093,seller,active
Mellisa Mardiana,mellisa.mardiana94@gmail.com,8110000094,hashed_pw_0094,seller,active
Rama Nurdiyanti,rama.nurdiyanti95@gmail.com,8110000095,hashed_pw_0095,seller,active
Fatimah Putra,fatimah.putra96@gmail.com,8110000096,hashed_pw_0096,seller,active
Citra Aditama,citra.aditama97@gmail.com,8110000097,hashed_pw_0097,seller,active
Febri Hadi,febri.hadi98@gmail.com,8110000098,hashed_pw_0098,seller,active
Kartika Yuliana,kartika.yuliana99@gmail.com,8110000099,hashed_pw_0099,seller,active
Siti Damayanti,siti.damayanti100@gmail.com,8110000100,hashed_pw_0100,seller,active
Surya Pratiwi,surya.pratiwi101@gmail.com,8110000101,hashed_pw_0101,seller,active
Agung Putri,agung.putri102@gmail.com,8110000102,hashed_pw_0102,seller,active
Winata Aditama,winata.aditama103@gmail.com,8110000103,hashed_pw_0103,seller,active
Cahya Putra,cahya.putra104@gmail.com,8110000104,hashed_pw_0104,seller,inactive
Elok Hidayat,elok.hidayat105@gmail.com,8110000105,hashed_pw_0105,seller,active
Endah Santoso,endah.santoso106@gmail.com,8110000106,hashed_pw_0106,seller,active
Nia Mariana,nia.mariana107@gmail.com,8110000107,hashed_pw_0107,seller,active
Kadek Pertiwi,kadek.pertiwi108@gmail.com,8110000108,hashed_pw_0108,seller,active
Lukman Azizah,lukman.azizah109@gmail.com,8110000109,hashed_pw_0109,seller,active
Yoga Prasetyo,yoga.prasetyo110@gmail.com,8110000110,hashed_pw_0110,seller,active
Rina Hasanah,rina.hasanah111@gmail.com,8110000111,hashed_pw_0111,seller,active
Mira Kartika,mira.kartika112@gmail.com,8110000112,hashed_pw_0112,seller,active
Cahya Suryadi,cahya.suryadi113@gmail.com,8110000113,hashed_pw_0113,seller,active
Erik Djaja,erik.djaja114@gmail.com,8110000114,hashed_pw_0114,seller,inactive
Hadi Purnama,hadi.purnama115@gmail.com,8110000115,hashed_pw_0115,seller,active
Surya Santoso,surya.santoso116@gmail.com,8110000116,hashed_pw_0116,seller,active
Farid Ardiansyah,farid.ardiansyah117@gmail.com,8110000117,hashed_pw_0117,seller,active
Ari Sari,ari.sari118@gmail.com,8110000118,hashed_pw_0118,seller,active
Livia Hadiningrat,livia.hadiningrat119@gmail.com,8110000119,hashed_pw_0119,seller,active
Eka Sugiarto,eka.sugiarto120@gmail.com,8110000120,hashed_pw_0120,seller,suspended
Hafiz Nugroho,hafiz.nugroho121@gmail.com,8110000121,hashed_pw_0121,seller,active
Indah Suhartono,indah.suhartono122@gmail.com,8110000122,hashed_pw_0122,seller,active
Rina Suhartono,rina.suhartono123@gmail.com,8110000123,hashed_pw_0123,seller,active
Livia Pradana,livia.pradana124@gmail.com,8110000124,hashed_pw_0124,seller,active
Endah Sinaga,endah.sinaga125@gmail.com,8110000125,hashed_pw_0125,seller,active
Pangestu Mulyani,pangestu.mulyani126@gmail.com,8110000126,hashed_pw_0126,seller,active
Lesmana Sapitri,lesmana.sapitri127@gmail.com,8110000127,hashed_pw_0127,seller,active
Lestari Mulyono,lestari.mulyono128@gmail.com,8110000128,hashed_pw_0128,seller,active
Iwan Sudirman,iwan.sudirman129@gmail.com,8110000129,hashed_pw_0129,seller,active
Budi Prasetyawati,budi.prasetyawati130@gmail.com,8110000130,hashed_pw_0130,seller,active
Suryana Sudirman,suryana.sudirman131@gmail.com,8110000131,hashed_pw_0131,seller,active
Yulianto Rosyidah,yulianto.rosyidah132@gmail.com,8110000132,hashed_pw_0132,seller,inactive
Erni Pamungkas,erni.pamungkas133@gmail.com,8110000133,hashed_pw_0133,seller,active
Mira Anwar,mira.anwar134@gmail.com,8110000134,hashed_pw_0134,seller,active
Zainal Santoso,zainal.santoso135@gmail.com,8110000135,hashed_pw_0135,seller,active
Rama Susanti,rama.susanti136@gmail.com,8110000136,hashed_pw_0136,seller,active
Suryana Hardianto,suryana.hardianto137@gmail.com,8110000137,hashed_pw_0137,seller,active
Intan Lestari,intan.lestari138@gmail.com,8110000138,hashed_pw_0138,seller,active
Zainal Abdullah,zainal.abdullah139@gmail.com,8110000139,hashed_pw_0139,seller,active
Yulianto Mahendra,yulianto.mahendra140@gmail.com,8110000140,hashed_pw_0140,seller,active
Budi Rosyidah,budi.rosyidah141@gmail.com,8110000141,hashed_pw_0141,seller,active
Fani Putra,fani.putra142@gmail.com,8110000142,hashed_pw_0142,seller,active
Wahyu Rohmah,wahyu.rohmah143@gmail.com,8110000143,hashed_pw_0143,seller,active
Nur Santoso,nur.santoso144@gmail.com,8110000144,hashed_pw_0144,seller,active
Winda Sinaga,winda.sinaga145@gmail.com,8110000145,hashed_pw_0145,seller,active
Ilham Wibowo,ilham.wibowo146@gmail.com,8110000146,hashed_pw_0146,seller,active
Bagus Abdullah,bagus.abdullah147@gmail.com,8110000147,hashed_pw_0147,seller,active
Karina Suryani,karina.suryani148@gmail.com,8110000148,hashed_pw_0148,seller,active
Ratna Utami,ratna.utami149@gmail.com,8110000149,hashed_pw_0149,seller,active
Kartika Yulianti,kartika.yulianti150@gmail.com,8110000150,hashed_pw_0150,seller,active
Ida Fauziah,ida.fauziah151@gmail.com,8110000151,hashed_pw_0151,seller,active
Rina Fitriani,rina.fitriani152@gmail.com,8110000152,hashed_pw_0152,seller,active
Lina Rahayu,lina.rahayu153@gmail.com,8110000153,hashed_pw_0153,seller,active
Jaka Iskandar,jaka.iskandar154@gmail.com,8110000154,hashed_pw_0154,seller,active
Lisa Wahyuni,lisa.wahyuni155@gmail.com,8110000155,hashed_pw_0155,seller,active
Citra Tambunan,citra.tambunan156@gmail.com,8110000156,hashed_pw_0156,seller,active
Intan Lubis,intan.lubis157@gmail.com,8110000157,hashed_pw_0157,seller,active
Tika Widyaningsih,tika.widyaningsih158@gmail.com,8110000158,hashed_pw_0158,seller,active
Gunawan Abidin,gunawan.abidin159@gmail.com,8110000159,hashed_pw_0159,seller,active
Endah Sumantri,endah.sumantri160@gmail.com,8110000160,hashed_pw_0160,seller,active
Utama Tarigan,utama.tarigan161@gmail.com,8110000161,hashed_pw_0161,seller,active
Livia Hartono,livia.hartono162@gmail.com,8110000162,hashed_pw_0162,seller,active
Maulana Hermawan,maulana.hermawan163@gmail.com,8110000163,hashed_pw_0163,seller,suspended
Perdana Ramadhani,perdana.ramadhani164@gmail.com,8110000164,hashed_pw_0164,seller,inactive
Fauzi Yuliana,fauzi.yuliana165@gmail.com,8110000165,hashed_pw_0165,seller,active
Bagus Sutrisno,bagus.sutrisno166@gmail.com,8110000166,hashed_pw_0166,seller,active
Permana Syafitri,permana.syafitri167@gmail.com,8110000167,hashed_pw_0167,seller,active
Livia Prasetyo,livia.prasetyo168@gmail.com,8110000168,hashed_pw_0168,seller,active
Wicaksono Wicaksono,wicaksono.wicaksono169@gmail.com,8110000169,hashed_pw_0169,seller,active
Nana Susilo,nana.susilo170@gmail.com,8110000170,hashed_pw_0170,seller,active
Novi Nugroho,novi.nugroho171@gmail.com,8110000171,hashed_pw_0171,seller,active
Rangga Permadi,rangga.permadi172@gmail.com,8110000172,hashed_pw_0172,seller,active
Hadi Nugraha,hadi.nugraha173@gmail.com,8110000173,hashed_pw_0173,seller,active
Hafiz Maryati,hafiz.maryati174@gmail.com,8110000174,hashed_pw_0174,seller,active
Wahyu Rosyidah,wahyu.rosyidah175@gmail.com,8110000175,hashed_pw_0175,seller,active
Wawan Cahyono,wawan.cahyono176@gmail.com,8110000176,hashed_pw_0176,seller,active
Winda Sitompul,winda.sitompul177@gmail.com,8110000177,hashed_pw_0177,seller,active
Laras Akbar,laras.akbar178@gmail.com,8110000178,hashed_pw_0178,seller,active
Intan Sinaga,intan.sinaga179@gmail.com,8110000179,hashed_pw_0179,seller,active
Slamet Putra,slamet.putra180@gmail.com,8110000180,hashed_pw_0180,seller,active
Winda Nugraha,winda.nugraha181@gmail.com,8110000181,hashed_pw_0181,seller,active
Agung Mulyani,agung.mulyani182@gmail.com,8110000182,hashed_pw_0182,seller,active
Nadia Susanti,nadia.susanti183@gmail.com,8110000183,hashed_pw_0183,seller,active
Tini Safitri,tini.safitri184@gmail.com,8110000184,hashed_pw_0184,seller,active
Vera Kartini,vera.kartini185@gmail.com,8110000185,hashed_pw_0185,seller,active
Farid Kusuma,farid.kusuma186@gmail.com,8110000186,hashed_pw_0186,seller,active
Toni Suhendra,toni.suhendra187@gmail.com,8110000187,hashed_pw_0187,seller,active
Dian Suryadi,dian.suryadi188@gmail.com,8110000188,hashed_pw_0188,seller,active
Maulana Kusuma,maulana.kusuma189@gmail.com,8110000189,hashed_pw_0189,seller,active
Teguh Rohmah,teguh.rohmah190@gmail.com,8110000190,hashed_pw_0190,seller,active
Rendra Safitri,rendra.safitri191@gmail.com,8110000191,hashed_pw_0191,seller,active
Winda Oktaviani,winda.oktaviani192@gmail.com,8110000192,hashed_pw_0192,seller,active
Pangestu Aini,pangestu.aini193@gmail.com,8110000193,hashed_pw_0193,seller,active
Ayu Sapitri,ayu.sapitri194@gmail.com,8110000194,hashed_pw_0194,seller,active
Budi Ardiansyah,budi.ardiansyah195@gmail.com,8110000195,hashed_pw_0195,seller,active
Livia Mahmud,livia.mahmud196@gmail.com,8110000196,hashed_pw_0196,seller,active
Hafiz Nurdiyanti,hafiz.nurdiyanti197@gmail.com,8110000197,hashed_pw_0197,seller,active
Erni Suhendra,erni.suhendra198@gmail.com,8110000198,hashed_pw_0198,seller,inactive
Nasution Palupi,nasution.palupi199@gmail.com,8110000199,hashed_pw_0199,seller,active
Heru Hardianto,heru.hardianto200@gmail.com,8110000200,hashed_pw_0200,seller,active
Heni Rahayu,heni.rahayu201@gmail.com,8110000201,hashed_pw_0201,buyer,active
Angga Rahayu,angga.rahayu202@gmail.com,8110000202,hashed_pw_0202,buyer,active
Taufik Subekti,taufik.subekti203@gmail.com,8110000203,hashed_pw_0203,buyer,inactive
Jaka Djaja,jaka.djaja204@gmail.com,8110000204,hashed_pw_0204,buyer,active
Lisa Hadiningrat,lisa.hadiningrat205@gmail.com,8110000205,hashed_pw_0205,buyer,active
Putra Hartati,putra.hartati206@gmail.com,8110000206,hashed_pw_0206,buyer,active
Febri Ardiansyah,febri.ardiansyah207@gmail.com,8110000207,hashed_pw_0207,buyer,active
Yuni Setiawati,yuni.setiawati208@gmail.com,8110000208,hashed_pw_0208,buyer,active
Rudi Agustina,rudi.agustina209@gmail.com,8110000209,hashed_pw_0209,buyer,active
Saputra Handayani,saputra.handayani210@gmail.com,8110000210,hashed_pw_0210,buyer,active
Sugiarto Tampubolon,sugiarto.tampubolon211@gmail.com,8110000211,hashed_pw_0211,buyer,active
Zainal Kusnadi,zainal.kusnadi212@gmail.com,8110000212,hashed_pw_0212,buyer,active
Nadia Nugraha,nadia.nugraha213@gmail.com,8110000213,hashed_pw_0213,buyer,active
Nasution Susanti,nasution.susanti214@gmail.com,8110000214,hashed_pw_0214,buyer,active
Oka Pradana,oka.pradana215@gmail.com,8110000215,hashed_pw_0215,buyer,active
Lisa Firmansyah,lisa.firmansyah216@gmail.com,8110000216,hashed_pw_0216,buyer,active
Herlambang Nurhayati,herlambang.nurhayati217@gmail.com,8110000217,hashed_pw_0217,buyer,active
Gita Sinaga,gita.sinaga218@gmail.com,8110000218,hashed_pw_0218,buyer,active
Saputro Rohmah,saputro.rohmah219@gmail.com,8110000219,hashed_pw_0219,buyer,active
Kartika Sarawati,kartika.sarawati220@gmail.com,8110000220,hashed_pw_0220,buyer,active
Perdana Prasetyo,perdana.prasetyo221@gmail.com,8110000221,hashed_pw_0221,buyer,active
Utama Lestari,utama.lestari222@gmail.com,8110000222,hashed_pw_0222,buyer,active
Wahyu Widodo,wahyu.widodo223@gmail.com,8110000223,hashed_pw_0223,buyer,active
Lintang Wahyuni,lintang.wahyuni224@gmail.com,8110000224,hashed_pw_0224,buyer,active
Saputra Sutrisno,saputra.sutrisno225@gmail.com,8110000225,hashed_pw_0225,buyer,active
Dodi Purwanto,dodi.purwanto226@gmail.com,8110000226,hashed_pw_0226,buyer,active
Lisa Rahardjo,lisa.rahardjo227@gmail.com,8110000227,hashed_pw_0227,buyer,active
Surya Wahyuni,surya.wahyuni228@gmail.com,8110000228,hashed_pw_0228,buyer,active
Sari Sumantri,sari.sumantri229@gmail.com,8110000229,hashed_pw_0229,buyer,suspended
Bagus Rosyidah,bagus.rosyidah230@gmail.com,8110000230,hashed_pw_0230,buyer,active
Kusuma Pramono,kusuma.pramono231@gmail.com,8110000231,hashed_pw_0231,buyer,active
Lilis Hartati,lilis.hartati232@gmail.com,8110000232,hashed_pw_0232,buyer,active
Rama Hartati,rama.hartati233@gmail.com,8110000233,hashed_pw_0233,buyer,active
Iqbal Lubis,iqbal.lubis234@gmail.com,8110000234,hashed_pw_0234,buyer,active
Prawira Prasetyo,prawira.prasetyo235@gmail.com,8110000235,hashed_pw_0235,buyer,active
Wijaya Pratiwi,wijaya.pratiwi236@gmail.com,8110000236,hashed_pw_0236,buyer,suspended
Iwan Purwanto,iwan.purwanto237@gmail.com,8110000237,hashed_pw_0237,buyer,active
Indah Putri,indah.putri238@gmail.com,8110000238,hashed_pw_0238,buyer,active
Nana Aryani,nana.aryani239@gmail.com,8110000239,hashed_pw_0239,buyer,suspended
Cahya Purwanti,cahya.purwanti240@gmail.com,8110000240,hashed_pw_0240,buyer,active
Farid Widodo,farid.widodo241@gmail.com,8110000241,hashed_pw_0241,buyer,active
Ali Wicaksono,ali.wicaksono242@gmail.com,8110000242,hashed_pw_0242,buyer,active
Pratama Susilo,pratama.susilo243@gmail.com,8110000243,hashed_pw_0243,buyer,active
Ayu Oktaviani,ayu.oktaviani244@gmail.com,8110000244,hashed_pw_0244,buyer,inactive
Pratama Hardianto,pratama.hardianto245@gmail.com,8110000245,hashed_pw_0245,buyer,active
Utami Widodo,utami.widodo246@gmail.com,8110000246,hashed_pw_0246,buyer,active
Ayu Ismail,ayu.ismail247@gmail.com,8110000247,hashed_pw_0247,buyer,active
Febri Putri,febri.putri248@gmail.com,8110000248,hashed_pw_0248,buyer,active
Livia Hartati,livia.hartati249@gmail.com,8110000249,hashed_pw_0249,buyer,active
Wawan Mulyono,wawan.mulyono250@gmail.com,8110000250,hashed_pw_0250,buyer,active
Teguh Syafitri,teguh.syafitri251@gmail.com,8110000251,hashed_pw_0251,buyer,inactive
Nurul Suryadi,nurul.suryadi252@gmail.com,8110000252,hashed_pw_0252,buyer,active
Bayu Hadi,bayu.hadi253@gmail.com,8110000253,hashed_pw_0253,buyer,inactive
Karina Maryati,karina.maryati254@gmail.com,8110000254,hashed_pw_0254,buyer,active
Dewi Kadir,dewi.kadir255@gmail.com,8110000255,hashed_pw_0255,buyer,active
Cahya Djaja,cahya.djaja256@gmail.com,8110000256,hashed_pw_0256,buyer,active
Wahyu Syafitri,wahyu.syafitri257@gmail.com,8110000257,hashed_pw_0257,buyer,active
Pangestu Purwanti,pangestu.purwanti258@gmail.com,8110000258,hashed_pw_0258,buyer,active
Novi Pratiwi,novi.pratiwi259@gmail.com,8110000259,hashed_pw_0259,buyer,active
Kusuma Darmawan,kusuma.darmawan260@gmail.com,8110000260,hashed_pw_0260,buyer,active
Mira Mahendra,mira.mahendra261@gmail.com,8110000261,hashed_pw_0261,buyer,active
Agung Mulyono,agung.mulyono262@gmail.com,8110000262,hashed_pw_0262,buyer,active
Mulyadi Irawan,mulyadi.irawan263@gmail.com,8110000263,hashed_pw_0263,buyer,active
Heru Rahardjo,heru.rahardjo264@gmail.com,8110000264,hashed_pw_0264,buyer,active
Gita Prayitno,gita.prayitno265@gmail.com,8110000265,hashed_pw_0265,buyer,active
Nasution Putri,nasution.putri266@gmail.com,8110000266,hashed_pw_0266,buyer,active
Nadia Winarno,nadia.winarno267@gmail.com,8110000267,hashed_pw_0267,buyer,active
Ridho Fadilah,ridho.fadilah268@gmail.com,8110000268,hashed_pw_0268,buyer,active
Yanto Rianti,yanto.rianti269@gmail.com,8110000269,hashed_pw_0269,buyer,active
Angga Fitriani,angga.fitriani270@gmail.com,8110000270,hashed_pw_0270,buyer,active
Intan Akbar,intan.akbar271@gmail.com,8110000271,hashed_pw_0271,buyer,suspended
Mulyadi Ardiansyah,mulyadi.ardiansyah272@gmail.com,8110000272,hashed_pw_0272,buyer,active
Ilham Utomo,ilham.utomo273@gmail.com,8110000273,hashed_pw_0273,buyer,active
Fauzi Prasetyawati,fauzi.prasetyawati274@gmail.com,8110000274,hashed_pw_0274,buyer,active
Laras Susanti,laras.susanti275@gmail.com,8110000275,hashed_pw_0275,buyer,active
Saputra Fitriani,saputra.fitriani276@gmail.com,8110000276,hashed_pw_0276,buyer,active
Wahyu Rusmanto,wahyu.rusmanto277@gmail.com,8110000277,hashed_pw_0277,buyer,active
Elok Kartika,elok.kartika278@gmail.com,8110000278,hashed_pw_0278,buyer,active
Saputro Prayitno,saputro.prayitno279@gmail.com,8110000279,hashed_pw_0279,buyer,active
Utami Ramadhani,utami.ramadhani280@gmail.com,8110000280,hashed_pw_0280,buyer,active
Dimas Rahmawati,dimas.rahmawati281@gmail.com,8110000281,hashed_pw_0281,buyer,active
Erni Suganda,erni.suganda282@gmail.com,8110000282,hashed_pw_0282,buyer,active
Agus Permadi,agus.permadi283@gmail.com,8110000283,hashed_pw_0283,buyer,active
Ayu Lestari,ayu.lestari284@gmail.com,8110000284,hashed_pw_0284,buyer,active
Setiawan Sutanto,setiawan.sutanto285@gmail.com,8110000285,hashed_pw_0285,buyer,active
Kadek Pradana,kadek.pradana286@gmail.com,8110000286,hashed_pw_0286,buyer,active
Novi Susilo,novi.susilo287@gmail.com,8110000287,hashed_pw_0287,buyer,active
Ramadhan Hartono,ramadhan.hartono288@gmail.com,8110000288,hashed_pw_0288,buyer,active
Lintang Kadir,lintang.kadir289@gmail.com,8110000289,hashed_pw_0289,buyer,active
Ali Santoso,ali.santoso290@gmail.com,8110000290,hashed_pw_0290,buyer,active
Kurnia Hardianto,kurnia.hardianto291@gmail.com,8110000291,hashed_pw_0291,buyer,active
Fajar Jaya,fajar.jaya292@gmail.com,8110000292,hashed_pw_0292,buyer,active
Nugroho Yulianti,nugroho.yulianti293@gmail.com,8110000293,hashed_pw_0293,buyer,active
Wawan Wardhani,wawan.wardhani294@gmail.com,8110000294,hashed_pw_0294,buyer,suspended
Lisa Tambunan,lisa.tambunan295@gmail.com,8110000295,hashed_pw_0295,buyer,active
Tika Lestari,tika.lestari296@gmail.com,8110000296,hashed_pw_0296,buyer,inactive
Suryana Hidayat,suryana.hidayat297@gmail.com,8110000297,hashed_pw_0297,buyer,active
Nana Sujatmiko,nana.sujatmiko298@gmail.com,8110000298,hashed_pw_0298,buyer,active
Suhendra Pradana,suhendra.pradana299@gmail.com,8110000299,hashed_pw_0299,buyer,active
Nia Putra,nia.putra300@gmail.com,8110000300,hashed_pw_0300,buyer,active
Jati Widodo,jati.widodo301@gmail.com,8110000301,hashed_pw_0301,buyer,active
Halim Nugraha,halim.nugraha302@gmail.com,8110000302,hashed_pw_0302,buyer,active
Rina Santoso,rina.santoso303@gmail.com,8110000303,hashed_pw_0303,buyer,active
Taufik Tambunan,taufik.tambunan304@gmail.com,8110000304,hashed_pw_0304,buyer,inactive
Irfan Nurdiyanti,irfan.nurdiyanti305@gmail.com,8110000305,hashed_pw_0305,buyer,active
Lilis Suhartono,lilis.suhartono306@gmail.com,8110000306,hashed_pw_0306,buyer,active
Permana Sinaga,permana.sinaga307@gmail.com,8110000307,hashed_pw_0307,buyer,active
Hadi Widyaningsih,hadi.widyaningsih308@gmail.com,8110000308,hashed_pw_0308,buyer,inactive
Farid Winarno,farid.winarno309@gmail.com,8110000309,hashed_pw_0309,buyer,inactive
Rian Hadi,rian.hadi310@gmail.com,8110000310,hashed_pw_0310,buyer,active
Ridho Hadi,ridho.hadi311@gmail.com,8110000311,hashed_pw_0311,buyer,active
Kusuma Agustina,kusuma.agustina312@gmail.com,8110000312,hashed_pw_0312,buyer,active
Wahyu Jaya,wahyu.jaya313@gmail.com,8110000313,hashed_pw_0313,buyer,active
Mira Safitri,mira.safitri314@gmail.com,8110000314,hashed_pw_0314,buyer,active
Tri Fadilah,tri.fadilah315@gmail.com,8110000315,hashed_pw_0315,buyer,active
Wulandari Sinaga,wulandari.sinaga316@gmail.com,8110000316,hashed_pw_0316,buyer,inactive
Ramadhan Permadi,ramadhan.permadi317@gmail.com,8110000317,hashed_pw_0317,buyer,active
Budi Nugroho,budi.nugroho318@gmail.com,8110000318,hashed_pw_0318,buyer,active
Novi Mustofa,novi.mustofa319@gmail.com,8110000319,hashed_pw_0319,buyer,active
Zainal Hadi,zainal.hadi320@gmail.com,8110000320,hashed_pw_0320,buyer,active
Eko Sutanto,eko.sutanto321@gmail.com,8110000321,hashed_pw_0321,buyer,active
Nurul Amalia,nurul.amalia322@gmail.com,8110000322,hashed_pw_0322,buyer,active
Bambang Purwanto,bambang.purwanto323@gmail.com,8110000323,hashed_pw_0323,buyer,active
Yanto Iskandar,yanto.iskandar324@gmail.com,8110000324,hashed_pw_0324,buyer,active
Wati Suhendra,wati.suhendra325@gmail.com,8110000325,hashed_pw_0325,buyer,active
Indra Komarudin,indra.komarudin326@gmail.com,8110000326,hashed_pw_0326,buyer,active
Teguh Nurdiyanti,teguh.nurdiyanti327@gmail.com,8110000327,hashed_pw_0327,buyer,active
Laras Irawan,laras.irawan328@gmail.com,8110000328,hashed_pw_0328,buyer,active
Mega Tampubolon,mega.tampubolon329@gmail.com,8110000329,hashed_pw_0329,buyer,active
Aji Utami,aji.utami330@gmail.com,8110000330,hashed_pw_0330,buyer,inactive
Agung Kadir,agung.kadir331@gmail.com,8110000331,hashed_pw_0331,buyer,active
Sari Putra,sari.putra332@gmail.com,8110000332,hashed_pw_0332,buyer,active
Yoga Oktaviani,yoga.oktaviani333@gmail.com,8110000333,hashed_pw_0333,buyer,active
Putra Mahendra,putra.mahendra334@gmail.com,8110000334,hashed_pw_0334,buyer,suspended
Prawira Handayani,prawira.handayani335@gmail.com,8110000335,hashed_pw_0335,buyer,active
Hesti Sari,hesti.sari336@gmail.com,8110000336,hashed_pw_0336,buyer,active
Nur Akbar,nur.akbar337@gmail.com,8110000337,hashed_pw_0337,buyer,suspended
Tri Prasetyo,tri.prasetyo338@gmail.com,8110000338,hashed_pw_0338,buyer,active
Arman Wijaya,arman.wijaya339@gmail.com,8110000339,hashed_pw_0339,buyer,active
Slamet Mulyani,slamet.mulyani340@gmail.com,8110000340,hashed_pw_0340,buyer,active
Lukman Hutapea,lukman.hutapea341@gmail.com,8110000341,hashed_pw_0341,buyer,active
Ari Rahayu,ari.rahayu342@gmail.com,8110000342,hashed_pw_0342,buyer,active
Anita Setiawan,anita.setiawan343@gmail.com,8110000343,hashed_pw_0343,buyer,active
Rendra Sujatmiko,rendra.sujatmiko344@gmail.com,8110000344,hashed_pw_0344,buyer,active
Fatimah Permadi,fatimah.permadi345@gmail.com,8110000345,hashed_pw_0345,buyer,active
Suprapto Hermawan,suprapto.hermawan346@gmail.com,8110000346,hashed_pw_0346,buyer,active
Nadia Kartini,nadia.kartini347@gmail.com,8110000347,hashed_pw_0347,buyer,active
Prawira Purwanto,prawira.purwanto348@gmail.com,8110000348,hashed_pw_0348,buyer,active
Rizky Hardianto,rizky.hardianto349@gmail.com,8110000349,hashed_pw_0349,buyer,active
Dedi Irawan,dedi.irawan350@gmail.com,8110000350,hashed_pw_0350,buyer,active
Kurnia Subekti,kurnia.subekti351@gmail.com,8110000351,hashed_pw_0351,buyer,inactive
Dwi Setiawan,dwi.setiawan352@gmail.com,8110000352,hashed_pw_0352,buyer,active
Tri Agustina,tri.agustina353@gmail.com,8110000353,hashed_pw_0353,buyer,active
Fani Tambunan,fani.tambunan354@gmail.com,8110000354,hashed_pw_0354,buyer,active
Mira Sinaga,mira.sinaga355@gmail.com,8110000355,hashed_pw_0355,buyer,active
Susi Handayani,susi.handayani356@gmail.com,8110000356,hashed_pw_0356,buyer,active
Pangestu Alamsyah,pangestu.alamsyah357@gmail.com,8110000357,hashed_pw_0357,buyer,active
Eka Rohmah,eka.rohmah358@gmail.com,8110000358,hashed_pw_0358,buyer,inactive
Kirana Dahlan,kirana.dahlan359@gmail.com,8110000359,hashed_pw_0359,buyer,active
Maulana Putri,maulana.putri360@gmail.com,8110000360,hashed_pw_0360,buyer,active
Erni Hutapea,erni.hutapea361@gmail.com,8110000361,hashed_pw_0361,buyer,active
Anton Putri,anton.putri362@gmail.com,8110000362,hashed_pw_0362,buyer,suspended
Erni Gunawan,erni.gunawan363@gmail.com,8110000363,hashed_pw_0363,buyer,active
Yulianto Hidayat,yulianto.hidayat364@gmail.com,8110000364,hashed_pw_0364,buyer,active
Surya Permadi,surya.permadi365@gmail.com,8110000365,hashed_pw_0365,buyer,active
Hafiz Sujatmiko,hafiz.sujatmiko366@gmail.com,8110000366,hashed_pw_0366,buyer,active
Saputra Sugiarto,saputra.sugiarto367@gmail.com,8110000367,hashed_pw_0367,buyer,inactive
Nanda Anggraini,nanda.anggraini368@gmail.com,8110000368,hashed_pw_0368,buyer,active
Kevin Sutanto,kevin.sutanto369@gmail.com,8110000369,hashed_pw_0369,buyer,active
Lina Sasmita,lina.sasmita370@gmail.com,8110000370,hashed_pw_0370,buyer,active
Surya Purnama,surya.purnama371@gmail.com,8110000371,hashed_pw_0371,buyer,inactive
Sri Cahyono,sri.cahyono372@gmail.com,8110000372,hashed_pw_0372,buyer,active
Irfan Hartono,irfan.hartono373@gmail.com,8110000373,hashed_pw_0373,buyer,inactive
Kusuma Fitriani,kusuma.fitriani374@gmail.com,8110000374,hashed_pw_0374,buyer,active
Perdana Akbar,perdana.akbar375@gmail.com,8110000375,hashed_pw_0375,buyer,active
Rina Nurhayati,rina.nurhayati376@gmail.com,8110000376,hashed_pw_0376,buyer,suspended
Febri Mardiana,febri.mardiana377@gmail.com,8110000377,hashed_pw_0377,buyer,active
Cahya Mariana,cahya.mariana378@gmail.com,8110000378,hashed_pw_0378,buyer,active
Lilis Rosyidah,lilis.rosyidah379@gmail.com,8110000379,hashed_pw_0379,buyer,active
Perdana Abdullah,perdana.abdullah380@gmail.com,8110000380,hashed_pw_0380,buyer,active
Gunawan Hasanah,gunawan.hasanah381@gmail.com,8110000381,hashed_pw_0381,buyer,active
Ilham Harahap,ilham.harahap382@gmail.com,8110000382,hashed_pw_0382,buyer,active
Angga Hasanah,angga.hasanah383@gmail.com,8110000383,hashed_pw_0383,buyer,active
Lina Rianti,lina.rianti384@gmail.com,8110000384,hashed_pw_0384,buyer,active
Mira Azizah,mira.azizah385@gmail.com,8110000385,hashed_pw_0385,buyer,active
Winda Hakim,winda.hakim386@gmail.com,8110000386,hashed_pw_0386,buyer,active
Bella Wahyuni,bella.wahyuni387@gmail.com,8110000387,hashed_pw_0387,buyer,active
Sugiarto Yunita,sugiarto.yunita388@gmail.com,8110000388,hashed_pw_0388,buyer,active
Herlambang Winarno,herlambang.winarno389@gmail.com,8110000389,hashed_pw_0389,buyer,active
Arif Fauzi,arif.fauzi390@gmail.com,8110000390,hashed_pw_0390,buyer,active
Ani Cahyono,ani.cahyono391@gmail.com,8110000391,hashed_pw_0391,buyer,suspended
Utami Suryadi,utami.suryadi392@gmail.com,8110000392,hashed_pw_0392,buyer,active
Saputra Sutanto,saputra.sutanto393@gmail.com,8110000393,hashed_pw_0393,buyer,active
Dewi Rianti,dewi.rianti394@gmail.com,8110000394,hashed_pw_0394,buyer,active
Bella Haryanto,bella.haryanto395@gmail.com,8110000395,hashed_pw_0395,buyer,active
Laras Ramadhani,laras.ramadhani396@gmail.com,8110000396,hashed_pw_0396,buyer,active
Teguh Hermawan,teguh.hermawan397@gmail.com,8110000397,hashed_pw_0397,buyer,active
Suhendra Suryani,suhendra.suryani398@gmail.com,8110000398,hashed_pw_0398,buyer,active
Erni Santoso,erni.santoso399@gmail.com,8110000399,hashed_pw_0399,buyer,active
Kevin Suryani,kevin.suryani400@gmail.com,8110000400,hashed_pw_0400,buyer,active
Lestari Suhartono,lestari.suhartono401@gmail.com,8110000401,hashed_pw_0401,buyer,active
Kusuma Sudirman,kusuma.sudirman402@gmail.com,8110000402,hashed_pw_0402,buyer,active
Doni Rahmawati,doni.rahmawati403@gmail.com,8110000403,hashed_pw_0403,buyer,active
Mega Sihombing,mega.sihombing404@gmail.com,8110000404,hashed_pw_0404,buyer,inactive
Permana Damayanti,permana.damayanti405@gmail.com,8110000405,hashed_pw_0405,buyer,active
Dian Fitriani,dian.fitriani406@gmail.com,8110000406,hashed_pw_0406,buyer,active
Susi Hasanah,susi.hasanah407@gmail.com,8110000407,hashed_pw_0407,buyer,active
Nina Siregar,nina.siregar408@gmail.com,8110000408,hashed_pw_0408,buyer,active
Fani Suhartono,fani.suhartono409@gmail.com,8110000409,hashed_pw_0409,buyer,active
Yoga Azizah,yoga.azizah410@gmail.com,8110000410,hashed_pw_0410,buyer,inactive
Ratih Rahayu,ratih.rahayu411@gmail.com,8110000411,hashed_pw_0411,buyer,active
Intan Yuliana,intan.yuliana412@gmail.com,8110000412,hashed_pw_0412,buyer,active
Prawira Mulyono,prawira.mulyono413@gmail.com,8110000413,hashed_pw_0413,buyer,active
Siti Saputra,siti.saputra414@gmail.com,8110000414,hashed_pw_0414,buyer,active
Nanda Wicaksono,nanda.wicaksono415@gmail.com,8110000415,hashed_pw_0415,buyer,active
Yuni Siregar,yuni.siregar416@gmail.com,8110000416,hashed_pw_0416,buyer,suspended
Dwi Alamsyah,dwi.alamsyah417@gmail.com,8110000417,hashed_pw_0417,buyer,active
Mulyadi Amalia,mulyadi.amalia418@gmail.com,8110000418,hashed_pw_0418,buyer,active
Rahmat Safitri,rahmat.safitri419@gmail.com,8110000419,hashed_pw_0419,buyer,active
Indra Irawan,indra.irawan420@gmail.com,8110000420,hashed_pw_0420,buyer,active
Utami Damayanti,utami.damayanti421@gmail.com,8110000421,hashed_pw_0421,buyer,active
Ani Fitriani,ani.fitriani422@gmail.com,8110000422,hashed_pw_0422,buyer,active
Kevin Simanjuntak,kevin.simanjuntak423@gmail.com,8110000423,hashed_pw_0423,buyer,active
Rudi Kadir,rudi.kadir424@gmail.com,8110000424,hashed_pw_0424,buyer,active
Rendra Wibowo,rendra.wibowo425@gmail.com,8110000425,hashed_pw_0425,buyer,active
Ayu Jaya,ayu.jaya426@gmail.com,8110000426,hashed_pw_0426,buyer,active
Arman Fadilah,arman.fadilah427@gmail.com,8110000427,hashed_pw_0427,buyer,active
Yoga Wicaksono,yoga.wicaksono428@gmail.com,8110000428,hashed_pw_0428,buyer,active
Wawan Pramono,wawan.pramono429@gmail.com,8110000429,hashed_pw_0429,buyer,active
Syahputra Hardianto,syahputra.hardianto430@gmail.com,8110000430,hashed_pw_0430,buyer,active
Erik Pratiwi,erik.pratiwi431@gmail.com,8110000431,hashed_pw_0431,buyer,active
Oka Wicaksono,oka.wicaksono432@gmail.com,8110000432,hashed_pw_0432,buyer,active
Putri Aryani,putri.aryani433@gmail.com,8110000433,hashed_pw_0433,buyer,active
Ratih Cahyani,ratih.cahyani434@gmail.com,8110000434,hashed_pw_0434,buyer,active
Putra Maryati,putra.maryati435@gmail.com,8110000435,hashed_pw_0435,buyer,active
Mega Purwanti,mega.purwanti436@gmail.com,8110000436,hashed_pw_0436,buyer,active
Ahmad Wijaya,ahmad.wijaya437@gmail.com,8110000437,hashed_pw_0437,buyer,active
Ilham Hasanah,ilham.hasanah438@gmail.com,8110000438,hashed_pw_0438,buyer,active
Lestari Winarno,lestari.winarno439@gmail.com,8110000439,hashed_pw_0439,buyer,active
Slamet Darmawan,slamet.darmawan440@gmail.com,8110000440,hashed_pw_0440,buyer,active
Ari Susanti,ari.susanti441@gmail.com,8110000441,hashed_pw_0441,buyer,active
Dedi Rahmawati,dedi.rahmawati442@gmail.com,8110000442,hashed_pw_0442,buyer,active
Hesti Suganda,hesti.suganda443@gmail.com,8110000443,hashed_pw_0443,buyer,active
Wawan Purwanti,wawan.purwanti444@gmail.com,8110000444,hashed_pw_0444,buyer,active
Andi Rohmah,andi.rohmah445@gmail.com,8110000445,hashed_pw_0445,buyer,active
Lesmana Sasmita,lesmana.sasmita446@gmail.com,8110000446,hashed_pw_0446,buyer,active
Endah Nurhayati,endah.nurhayati447@gmail.com,8110000447,hashed_pw_0447,buyer,active
Utami Hakim,utami.hakim448@gmail.com,8110000448,hashed_pw_0448,buyer,active
Kirana Rusmanto,kirana.rusmanto449@gmail.com,8110000449,hashed_pw_0449,buyer,active
Dedi Yulianti,dedi.yulianti450@gmail.com,8110000450,hashed_pw_0450,buyer,active
Winata Yulianti,winata.yulianti451@gmail.com,8110000451,hashed_pw_0451,buyer,active
Siti Sapitri,siti.sapitri452@gmail.com,8110000452,hashed_pw_0452,buyer,active
Gunawan Nugroho,gunawan.nugroho453@gmail.com,8110000453,hashed_pw_0453,buyer,active
Mega Mahendra,mega.mahendra454@gmail.com,8110000454,hashed_pw_0454,buyer,active
Hafiz Djaja,hafiz.djaja455@gmail.com,8110000455,hashed_pw_0455,buyer,active
Saputro Tarigan,saputro.tarigan456@gmail.com,8110000456,hashed_pw_0456,buyer,active
Jati Sutrisno,jati.sutrisno457@gmail.com,8110000457,hashed_pw_0457,buyer,active
Febri Rianti,febri.rianti458@gmail.com,8110000458,hashed_pw_0458,buyer,active
Rama Ismail,rama.ismail459@gmail.com,8110000459,hashed_pw_0459,buyer,active
Pangestu Sutanto,pangestu.sutanto460@gmail.com,8110000460,hashed_pw_0460,buyer,active
Nana Cahyani,nana.cahyani461@gmail.com,8110000461,hashed_pw_0461,buyer,active
Citra Rahayu,citra.rahayu462@gmail.com,8110000462,hashed_pw_0462,buyer,active
Anton Cahyani,anton.cahyani463@gmail.com,8110000463,hashed_pw_0463,buyer,active
Novi Djaja,novi.djaja464@gmail.com,8110000464,hashed_pw_0464,buyer,active
Dodi Yuliana,dodi.yuliana465@gmail.com,8110000465,hashed_pw_0465,buyer,active
Jati Santoso,jati.santoso466@gmail.com,8110000466,hashed_pw_0466,buyer,inactive
Ari Syafitri,ari.syafitri467@gmail.com,8110000467,hashed_pw_0467,buyer,inactive
Hesti Lestari,hesti.lestari468@gmail.com,8110000468,hashed_pw_0468,buyer,active
Permana Winarno,permana.winarno469@gmail.com,8110000469,hashed_pw_0469,buyer,active
Bayu Syafitri,bayu.syafitri470@gmail.com,8110000470,hashed_pw_0470,buyer,active
Rudi Fauziah,rudi.fauziah471@gmail.com,8110000471,hashed_pw_0471,buyer,active
Ilham Ardiansyah,ilham.ardiansyah472@gmail.com,8110000472,hashed_pw_0472,buyer,active
Ridho Susilo,ridho.susilo473@gmail.com,8110000473,hashed_pw_0473,buyer,active
Hendra Setiawan,hendra.setiawan474@gmail.com,8110000474,hashed_pw_0474,buyer,active
Nia Sitompul,nia.sitompul475@gmail.com,8110000475,hashed_pw_0475,buyer,active
Rizky Azizah,rizky.azizah476@gmail.com,8110000476,hashed_pw_0476,buyer,active
Rina Dahlan,rina.dahlan477@gmail.com,8110000477,hashed_pw_0477,buyer,active
Dwi Siregar,dwi.siregar478@gmail.com,8110000478,hashed_pw_0478,buyer,active
Hadi Rusmanto,hadi.rusmanto479@gmail.com,8110000479,hashed_pw_0479,buyer,active
Gilang Sapitri,gilang.sapitri480@gmail.com,8110000480,hashed_pw_0480,buyer,active
Toni Hasanah,toni.hasanah481@gmail.com,8110000481,hashed_pw_0481,buyer,active
Dian Rahayu,dian.rahayu482@gmail.com,8110000482,hashed_pw_0482,buyer,active
Rian Haryanto,rian.haryanto483@gmail.com,8110000483,hashed_pw_0483,buyer,active
Wijaya Fitriani,wijaya.fitriani484@gmail.com,8110000484,hashed_pw_0484,buyer,active
Yoga Yulianti,yoga.yulianti485@gmail.com,8110000485,hashed_pw_0485,buyer,active
Sugiarto Rahayu,sugiarto.rahayu486@gmail.com,8110000486,hashed_pw_0486,buyer,active
Kartika Sagala,kartika.sagala487@gmail.com,8110000487,hashed_pw_0487,buyer,inactive
Ramadhan Lubis,ramadhan.lubis488@gmail.com,8110000488,hashed_pw_0488,buyer,active
Gatot Jaya,gatot.jaya489@gmail.com,8110000489,hashed_pw_0489,buyer,active
Eko Yuliana,eko.yuliana490@gmail.com,8110000490,hashed_pw_0490,buyer,active
Wijaya Anwar,wijaya.anwar491@gmail.com,8110000491,hashed_pw_0491,buyer,active
Fatimah Simanjuntak,fatimah.simanjuntak492@gmail.com,8110000492,hashed_pw_0492,buyer,active
Indra Kartini,indra.kartini493@gmail.com,8110000493,hashed_pw_0493,buyer,active
Arif Suhartono,arif.suhartono494@gmail.com,8110000494,hashed_pw_0494,buyer,active
Lina Sutanto,lina.sutanto495@gmail.com,8110000495,hashed_pw_0495,buyer,active
Wulandari Nurdiyanti,wulandari.nurdiyanti496@gmail.com,8110000496,hashed_pw_0496,buyer,active
Pangestu Lubis,pangestu.lubis497@gmail.com,8110000497,hashed_pw_0497,buyer,active
Hesti Susilo,hesti.susilo498@gmail.com,8110000498,hashed_pw_0498,buyer,active
Nia Sinaga,nia.sinaga499@gmail.com,8110000499,hashed_pw_0499,buyer,active
Winda Kartika,winda.kartika500@gmail.com,8110000500,hashed_pw_0500,buyer,active
Gatot Oktaviani,gatot.oktaviani501@gmail.com,8110000501,hashed_pw_0501,buyer,active
Prawira Sihombing,prawira.sihombing502@gmail.com,8110000502,hashed_pw_0502,buyer,active
Elok Zainuddin,elok.zainuddin503@gmail.com,8110000503,hashed_pw_0503,buyer,active
Nia Fauziah,nia.fauziah504@gmail.com,8110000504,hashed_pw_0504,buyer,active
Nadia Syafitri,nadia.syafitri505@gmail.com,8110000505,hashed_pw_0505,buyer,inactive
Gunawan Susanti,gunawan.susanti506@gmail.com,8110000506,hashed_pw_0506,buyer,active
Kirana Syafitri,kirana.syafitri507@gmail.com,8110000507,hashed_pw_0507,buyer,active
Angga Sujatmiko,angga.sujatmiko508@gmail.com,8110000508,hashed_pw_0508,buyer,active
Siregar Sihombing,siregar.sihombing509@gmail.com,8110000509,hashed_pw_0509,buyer,active
Dewi Sihombing,dewi.sihombing510@gmail.com,8110000510,hashed_pw_0510,buyer,active
Rangga Hadi,rangga.hadi511@gmail.com,8110000511,hashed_pw_0511,buyer,active
Rina Iskandar,rina.iskandar512@gmail.com,8110000512,hashed_pw_0512,buyer,active
Novi Utomo,novi.utomo513@gmail.com,8110000513,hashed_pw_0513,buyer,active
Gatot Utomo,gatot.utomo514@gmail.com,8110000514,hashed_pw_0514,buyer,active
Ahmad Fadilah,ahmad.fadilah515@gmail.com,8110000515,hashed_pw_0515,buyer,active
Kevin Ismail,kevin.ismail516@gmail.com,8110000516,hashed_pw_0516,buyer,active
Erik Prayitno,erik.prayitno517@gmail.com,8110000517,hashed_pw_0517,buyer,active
Fani Astuti,fani.astuti518@gmail.com,8110000518,hashed_pw_0518,buyer,active
Lesmana Dahlan,lesmana.dahlan519@gmail.com,8110000519,hashed_pw_0519,buyer,active
Setiawan Nugraha,setiawan.nugraha520@gmail.com,8110000520,hashed_pw_0520,buyer,active
Syahputra Nurdiyanti,syahputra.nurdiyanti521@gmail.com,8110000521,hashed_pw_0521,buyer,active
Nugroho Suryadi,nugroho.suryadi522@gmail.com,8110000522,hashed_pw_0522,buyer,active
Slamet Nurdiyanti,slamet.nurdiyanti523@gmail.com,8110000523,hashed_pw_0523,buyer,active
Iqbal Fauziah,iqbal.fauziah524@gmail.com,8110000524,hashed_pw_0524,buyer,active
Sugiarto Damayanti,sugiarto.damayanti525@gmail.com,8110000525,hashed_pw_0525,buyer,inactive
Agung Yuliana,agung.yuliana526@gmail.com,8110000526,hashed_pw_0526,buyer,active
Suhendra Santoso,suhendra.santoso527@gmail.com,8110000527,hashed_pw_0527,buyer,active
Pangestu Aryani,pangestu.aryani528@gmail.com,8110000528,hashed_pw_0528,buyer,active
Susi Oktaviani,susi.oktaviani529@gmail.com,8110000529,hashed_pw_0529,buyer,active
Sri Damayanti,sri.damayanti530@gmail.com,8110000530,hashed_pw_0530,buyer,active
Elok Rusmanto,elok.rusmanto531@gmail.com,8110000531,hashed_pw_0531,buyer,active
Slamet Purnama,slamet.purnama532@gmail.com,8110000532,hashed_pw_0532,buyer,active
Ilham Tarigan,ilham.tarigan533@gmail.com,8110000533,hashed_pw_0533,buyer,suspended
Pratama Kusuma,pratama.kusuma534@gmail.com,8110000534,hashed_pw_0534,buyer,active
Bella Tampubolon,bella.tampubolon535@gmail.com,8110000535,hashed_pw_0535,buyer,active
Joko Aryani,joko.aryani536@gmail.com,8110000536,hashed_pw_0536,buyer,active
Ari Rahmawati,ari.rahmawati537@gmail.com,8110000537,hashed_pw_0537,buyer,inactive
Syahputra Subekti,syahputra.subekti538@gmail.com,8110000538,hashed_pw_0538,buyer,suspended
Agung Wahyuni,agung.wahyuni539@gmail.com,8110000539,hashed_pw_0539,buyer,active
Irfan Prayitno,irfan.prayitno540@gmail.com,8110000540,hashed_pw_0540,buyer,active
Arman Rosyidah,arman.rosyidah541@gmail.com,8110000541,hashed_pw_0541,buyer,active
Surya Susanti,surya.susanti542@gmail.com,8110000542,hashed_pw_0542,buyer,active
Ridho Siregar,ridho.siregar543@gmail.com,8110000543,hashed_pw_0543,buyer,active
Iqbal Wijaya,iqbal.wijaya544@gmail.com,8110000544,hashed_pw_0544,buyer,active
Surya Zainuddin,surya.zainuddin545@gmail.com,8110000545,hashed_pw_0545,buyer,active
Dian Sumantri,dian.sumantri546@gmail.com,8110000546,hashed_pw_0546,buyer,active
Indra Purnama,indra.purnama547@gmail.com,8110000547,hashed_pw_0547,buyer,active
Elok Fadilah,elok.fadilah548@gmail.com,8110000548,hashed_pw_0548,buyer,active
Nur Rahardjo,nur.rahardjo549@gmail.com,8110000549,hashed_pw_0549,buyer,active
Yuni Kartini,yuni.kartini550@gmail.com,8110000550,hashed_pw_0550,buyer,active
Siti Sutrisno,siti.sutrisno551@gmail.com,8110000551,hashed_pw_0551,buyer,active
Slamet Susanti,slamet.susanti552@gmail.com,8110000552,hashed_pw_0552,buyer,active
Bambang Djaja,bambang.djaja553@gmail.com,8110000553,hashed_pw_0553,buyer,active
Vera Setiawan,vera.setiawan554@gmail.com,8110000554,hashed_pw_0554,buyer,active
Hendra Amalia,hendra.amalia555@gmail.com,8110000555,hashed_pw_0555,buyer,active
Ridho Anggraini,ridho.anggraini556@gmail.com,8110000556,hashed_pw_0556,buyer,active
Lina Setiawan,lina.setiawan557@gmail.com,8110000557,hashed_pw_0557,buyer,active
Gita Anggraini,gita.anggraini558@gmail.com,8110000558,hashed_pw_0558,buyer,active
Herlambang Setiawati,herlambang.setiawati559@gmail.com,8110000559,hashed_pw_0559,buyer,active
Dedi Wicaksono,dedi.wicaksono560@gmail.com,8110000560,hashed_pw_0560,buyer,active
Suprapto Subekti,suprapto.subekti561@gmail.com,8110000561,hashed_pw_0561,buyer,active
Nanda Nurjannah,nanda.nurjannah562@gmail.com,8110000562,hashed_pw_0562,buyer,inactive
Angga Kusumawati,angga.kusumawati563@gmail.com,8110000563,hashed_pw_0563,buyer,active
Tini Siregar,tini.siregar564@gmail.com,8110000564,hashed_pw_0564,buyer,active
Mellisa Sutrisno,mellisa.sutrisno565@gmail.com,8110000565,hashed_pw_0565,buyer,active
Novi Widodo,novi.widodo566@gmail.com,8110000566,hashed_pw_0566,buyer,active
Fitri Darmawan,fitri.darmawan567@gmail.com,8110000567,hashed_pw_0567,buyer,active
Fauzi Firmansyah,fauzi.firmansyah568@gmail.com,8110000568,hashed_pw_0568,buyer,active
Rangga Santoso,rangga.santoso569@gmail.com,8110000569,hashed_pw_0569,buyer,active
Bagus Permadi,bagus.permadi570@gmail.com,8110000570,hashed_pw_0570,buyer,active
Nurul Kadir,nurul.kadir571@gmail.com,8110000571,hashed_pw_0571,buyer,active
Ilham Sasmita,ilham.sasmita572@gmail.com,8110000572,hashed_pw_0572,buyer,active
Fani Mahmud,fani.mahmud573@gmail.com,8110000573,hashed_pw_0573,buyer,active
Lina Widyaningsih,lina.widyaningsih574@gmail.com,8110000574,hashed_pw_0574,buyer,active
Cahya Wicaksono,cahya.wicaksono575@gmail.com,8110000575,hashed_pw_0575,buyer,active
Cahya Hasanah,cahya.hasanah576@gmail.com,8110000576,hashed_pw_0576,buyer,active
Dimas Dahlan,dimas.dahlan577@gmail.com,8110000577,hashed_pw_0577,buyer,active
Pratama Hakim,pratama.hakim578@gmail.com,8110000578,hashed_pw_0578,buyer,active
Wahyu Darmawan,wahyu.darmawan579@gmail.com,8110000579,hashed_pw_0579,buyer,active
Rangga Darmawan,rangga.darmawan580@gmail.com,8110000580,hashed_pw_0580,buyer,active
Utama Santoso,utama.santoso581@gmail.com,8110000581,hashed_pw_0581,buyer,active
Cahya Kusuma,cahya.kusuma582@gmail.com,8110000582,hashed_pw_0582,buyer,active
Fatimah Suryani,fatimah.suryani583@gmail.com,8110000583,hashed_pw_0583,buyer,active
Bambang Hartono,bambang.hartono584@gmail.com,8110000584,hashed_pw_0584,buyer,active
Putra Kartini,putra.kartini585@gmail.com,8110000585,hashed_pw_0585,buyer,active
Kurnia Santoso,kurnia.santoso586@gmail.com,8110000586,hashed_pw_0586,buyer,inactive
Utama Pratiwi,utama.pratiwi587@gmail.com,8110000587,hashed_pw_0587,buyer,active
Lukman Mahendra,lukman.mahendra588@gmail.com,8110000588,hashed_pw_0588,buyer,active
Cahya Prasetyo,cahya.prasetyo589@gmail.com,8110000589,hashed_pw_0589,buyer,active
Putra Kusuma,putra.kusuma590@gmail.com,8110000590,hashed_pw_0590,buyer,active
Ida Jaya,ida.jaya591@gmail.com,8110000591,hashed_pw_0591,buyer,active
Rizky Suhendra,rizky.suhendra592@gmail.com,8110000592,hashed_pw_0592,buyer,active
Ani Fadilah,ani.fadilah593@gmail.com,8110000593,hashed_pw_0593,buyer,active
Intan Pertiwi,intan.pertiwi594@gmail.com,8110000594,hashed_pw_0594,buyer,active
Hesti Sujatmiko,hesti.sujatmiko595@gmail.com,8110000595,hashed_pw_0595,buyer,active
Ani Wijaya,ani.wijaya596@gmail.com,8110000596,hashed_pw_0596,buyer,active
Agung Purwanti,agung.purwanti597@gmail.com,8110000597,hashed_pw_0597,buyer,active
Putra Wardhani,putra.wardhani598@gmail.com,8110000598,hashed_pw_0598,buyer,active
Vera Putra,vera.putra599@gmail.com,8110000599,hashed_pw_0599,buyer,active
Bayu Kadir,bayu.kadir600@gmail.com,8110000600,hashed_pw_0600,admin,active
Admin,admin@gmail.com,8120000001,$2b$10$eqfZsALPsSMdnQPA40qSsuwOkfwP2ERiZPxzMvgMChil98RLfRcPi,admin,active
Super Admin,superadmin@panenku.id,8120000002,$2b$12$LJ3m4ys3Lk0TSwHnbfOMiOXPm1Qlq5GzY8m0GvONx7cB5p/h1fKqy,super_admin,active
